Symbol,Ra,Rm,Rc,AN,Gr,Pe,Ar,VEC,e/a,Nefs,Nefc,ENp,ENa,Wf,I1,I2,Nws,Rho,Vm,Lt,K,EC,Cp,S0,C11,C12,C44,B,G,E,nu,Eta,G/B,Tm,Tb,LR,Hfus,Hvap,Hatm,Tdl,Tdr,CE,Efv,Emv
Al,1.18,1.43,1.21,13,13,3,26.9815385,3,3.01,3.5,4.07,1.61,1.47,4.28,5.9858,18.8288335,1.39,2.7,10,23.1,235,38,904,28.3,104,73,32,83,24,70,0.37,1.3,0.289156627,933.473,2792,1858.527,10.7,293,326,433,390,3.39,0.66,0.76
Co,1.52,1.25,1.26,27,9,4,58.933194,9,1.03,3.9,5.58,1.88,1.7,5,7.881,17.08037519,1.75,8.9,6.67,13,100,17,421,30,358,165,95,212,105,209,0.29,5.4,0.495283019,1768,3200,1432,16.2,375,426,460,386,4.39,1.02,1.25
Cr,1.66,1.29,1.39,24,6,4,51.9961,6,0.92,3.35,5.13,1.66,1.56,4.5,6.7665,16.48546406,1.73,7.14,7.23,4.9,94,7.9,448,23.8,499,139,102,259,129,279,0.39,5.7,0.498069498,2130,2944,814,20.5,339,397,606,424,4.1,0.68,1.8
Cu,1.45,1.28,1.32,29,11,4,63.546,11,1,4.2,5.84,1.83,1.64,4.65,7.7264,20.29248,1.47,8.92,7.11,16.5,400,59,384.4,33.2,180,127,78,145,51,130,0.34,4,0.351724138,1357.77,2835,1477.23,13.1,300,338,347,310,3.49,0.9,1.25
Fe,1.56,1.26,1.32,26,8,4,55.845,8,1.05,3.75,5.43,1.83,1.64,4.5,7.9024,16.1992,1.77,7.874,7.09,1.18,80,10,449,27.3,247,150,97,182,74,211,0.32,5.5,0.406593407,1811,3134,1323,13.8,347,415,477,373,4.28,0.88,2.32
Hf,2.08,1.59,1.75,72,4,6,178.49,4,1.76,3.15,9.16,1.3,1.23,3.9,6.8251,14.92459968,1.45,13.31,13.44,5.9,23,3.3,144,43.6,184,70,52,108,56,78,0.28,5.1,0.518518519,2500,4876,2376,25.5,630,621,252,213,6.44,0.89,1.87
Mn,1.61,1.37,1.39,25,7,4,54.938044,7,1.05,3.6,5.23,1.55,1.6,4.1,7.434,15.64,1.61,7.47,7.35,21.7,7.8,0.62,479,32,393,223,174,280,131,198,0.3,5,0.467857143,1519,2334,815,13.2,220,281,409,363,2.92,0.58,2.64
Mo,1.9,1.363,1.54,42,6,5,95.95,6,1.39,3.45,6.98,2.16,1.3,4.6,7.0924,16.16831632,1.77,10.28,9.38,4.8,139,20,251,28.7,472,158,106,262,124,329,0.3,5.6,0.473282443,2895,4912,2017,36,600,659,423,377,6.82,1.31,2.67
Nb,1.98,1.429,1.64,41,5,5,92.90637,5,1.32,3.3,6.7,1.6,1.23,4.3,6.7589,14.30274136,1.64,8.57,10.83,7.3,54,6.7,265,36.4,233,145,11,174,20,105,0.45,4.5,0.114942529,2745,5017,2272,26.8,690,733,276,260,7.57,0.99,2.4
Ni,1.49,1.246,1.24,28,10,4,58.6934,10,1.16,4.05,5.71,1.91,1.75,5.15,7.6399,18.1689,1.75,8.908,6.59,13.4,91,14,445,29.9,276,159,132,95,198,200,0.29,4.9,2.084210526,1728,3186,1458,17.2,378,431,477,345,4.44,1.21,1.68
Ta,2,1.43,1.7,73,5,6,180.94788,5,1.57,3.3,9.53,1.5,1.33,4.25,7.5496,15.546458,1.63,16.65,10.85,6.3,57,7.7,140,41.5,265,158,69,194,62,186,0.35,8.59,0.319587629,3280,5731,2451,36,735,782,246,225,8.1,1.32,2.88
Ti,1.76,1.47,1.6,22,4,4,47.867,4,1.14,3.15,4.82,1.54,1.32,4.33,6.8281,13.57516712,1.52,4.507,10.64,8.6,21.9,2.5,520,30.7,196,83,52,113,61,116,0.27,4.42,0.539823009,1943,3560,1617,18.7,425,471,420,380,4.85,0.49,1.56
V,1.71,1.316,1.53,23,5,4,50.9415,5,0.9,3.3,4.98,1.63,1.45,4.3,6.7482,14.65512774,1.64,6.11,8.32,8.4,30.7,5,489,28.9,276,131,16,179,30,128,0.42,2.39,0.167597765,2190,3680,1490,22.8,453,515,399,390,5.31,0.49,2.15
W,1.93,1.367,1.62,74,6,6,183.84,6,1.43,4.35,9.85,2.36,1.4,4.55,7.864,17.61931907,1.81,19.25,9.47,4.5,174,20,132,32.6,510,201,143,304,147,411,0.29,7,0.483552632,3687,5828,2141,35,800,860,383,312,8.9,2.07,3.22
Zr,2.06,1.603,1.75,40,4,5,91.224,4,1.49,3,6.45,1.33,1.22,4.05,6.6339,13.16266777,1.41,6.511,14.02,5.7,22.7,2.4,278,39,144,67,26,94,34,68,0.34,4.59,0.361702128,2127,4682,2555,21,580,605,290,250,6.25,0.57,1.77
