Elements,Li,Be,B,C,N,Na,Mg,Al,Si,P,Ca,Sc,Ti,V,Cr,Mn,Fe,Co,Ni,Cu,Zn,Ga,Ge,Sr,Y,Zr,Nb,Mo,Tc,Rh,Pd,Ag,Cd,La,Ce,Nd,Eu,Gd,Tb,Dy,Er,Yb,Hf,Ta,W,Pt,Au,Pb,Sn,Ho,Tm,Lu,Sm,Pr
Li,0,-5,-6,-61,-145,4,0,-4,30,-45.5,-1,12,34,37,35,19,26,8,1,-5,-7,-9,-34.5,0,8,27,51,49,8,-14,-40,-16,-13,6,7,7,-1,8,9,9,9,-1,30,48,50,-33,-37,-21,-18,8,9,10,8,7
Be,-5,0,0,-15,-39,18,-3,0,-15,-3.5,-14,-36,-30,-16,-7,-10,-4,-4,-4,0,4,5,-3.5,-10,-32,-43,-25,-7,-3,-6,-8,6,11,-29,-30,-31,-12,-32,-33,-32,-33,-14,-37,-24,-3,-10,0,25,15,-32,-33,-35,-32,-31
B,-6,0,0,-10,-28,18,-4,0,-14,0.5,-22,-55,-58,-42,-31,-32,-26,-24,-24,0,4,6,-0.5,-18,-50,-71,-54,-34,-25,-25,-24,5,13,-47,-48,-49,-19,-50,-51,-51,-52,-22,-66,-54,-31,-28,-2,30,18,-50,-52,-54,-50,-49
C,-61,-15,-10,0,-2,-45,-55,-36,-39,-4.5,-89,-118,-109,-82,-61,-66,-50,-42,-39,-33,-32,-33,-29.5,-87,-117,-131,-102,-67,-39,-35,-32,-32,-27,-116,-116,-116,-87,-117,-118,-117,-118,-88,-123,-101,-60,-30,-20,-13,-23,-116,-117,-119,-117,-117
N,-145,-39,-28,-2,0,-141,-134,-92,-81,-24.5,-201,-224,-190,-143,-107,-119,-87,-75,-69,-84,-88,-95,-78.5,-206,-232,-233,-174,-115,-68,-63,-62,-94,-91,-235,-234,-235,-231,-232,-232,-231,-230,-199,-218,-173,-103,-52,-58,-82,-90,-229,-229,-231,-202,-233
Na,4,18,18,-45,-141,0,10,13,-11,-26.5,1,34,68,73,71,49,62,41,32,16,6,5,-21.5,-2,28,59,93,93,47,19,-15,0,-3,24,25,26,0,28,29,29,30,2,63,89,97,-1,-14,-18,-8,28,30,31,28,26
Mg,0,-3,-4,-55,-134,10,0,-2,-26,-39.5,-6,-3,16,23,24,10,18,3,-4,-3,-4,-4,-26.5,-4,-6,6,32,36,3,-17,-40,-10,-6,-7,-7,-6,-5,-6,-6,-6,-5,-6,10,30,38,-35,-32,-8,-9,-6,-5,-5,-6,-6
Al,-4,0,0,-36,-92,13,-2,0,-19,-20.5,-20,-38,-30,-16,-10,-19,-11,-19,-22,-1,1,1,-14.5,-18,-38,-44,-18,-5,-20,-32,-46,-4,3,-38,-38,-38,-19,-39,-39,-38,-38,-20,-39,-19,-2,-44,-22,10,4,-38,-38,-39,-38,-38
Si,30,-15,-14,-39,-81,-11,-26,-19,0,-25.5,-51,-74,-66,-48,-37,-45,-35,-38,-40,-19,-18,-17,-14.5,-49,-73,-84,-56,-35,-38,-46,-55,-20,-13,-73,-73,-73,-49,-73,-74,-74,-74,-51,-77,-56,-31,-53,-30,-2,-11,-73,-74,-75,-74,-73
P,-45.5,-3.5,0.5,-4.5,-24.5,-26.5,-39.5,-20.5,-25.5,0,-81.5,-112.5,-100.5,-70.5,-49.5,-57.5,-39.5,-35.5,-34.5,-17.5,-17.5,-18.5,-17,-81.5,-113.5,-127.5,-89.5,-53.5,-33.5,-34.5,-36.5,-18.5,-11.5,-112.5,-112.5,-112.5,-79.5,-113.5,-113.5,-112.5,-113.5,-80.5,-117.5,-89.5,-46.5,-34.5,-13.5,4.5,-7.5,-111.5,-112.5,-114.5,-113.5,-112.5
Ca,-1,-14,-22,-89,-201,1,-6,-20,-51,-81.5,0,17,43,44,38,19,25,2,-7,-13,-22,-28,-59.5,1,11,37,63,56,1,-28,-63,-28,-32,8,9,10,0,11,12,12,12,0,39,60,57,-55,-60,-52,-45,11,13,55,11,10
Sc,12,-36,-55,-118,-224,34,-3,-38,-74,-112.5,17,0,8,7,1,-8,-11,-30,-39,-24,-29,-38,-69.5,25,1,4,18,11,-39,-61,-86,-28,-30,2,2,2,21,1,1,1,0,16,5,16,9,-89,-74,-40,-45,1,0,0,1,1
Ti,34,-30,-58,-109,-190,68,16,-30,-66,-100.5,43,8,0,-2,-7,-8,-17,-28,-35,-9,-15,-23,-51.5,53,15,0,2,-4,-39,-52,-65,-2,-8,20,18,17,48,15,14,14,13,41,0,1,-6,-74,-47,-8,-21,14,12,11,15,17
V,37,-16,-42,-82,-143,73,23,-16,-48,-70.5,44,7,-2,0,-2,-1,-7,-14,-18,5,-2,-8,-31.5,54,17,-4,-1,0,-21,-29,-35,17,9,22,20,18,49,17,15,15,14,43,-2,-1,-1,-45,-19,15,-1,16,13,11,17,18
Cr,35,-7,-31,-61,-107,71,24,-10,-37,-49.5,38,1,-7,-2,0,2,-1,-4,-7,12,5,-1,-18.5,47,11,-12,-7,0,-9,-13,-15,27,17,17,15,13,43,11,9,9,8,37,-9,-7,1,-24,0,28,10,10,8,5,11,13
Mn,19,-10,-32,-66,-119,49,10,-19,-45,-57.5,19,-8,-8,-1,2,0,0,-5,-8,4,-6,-13,-31.5,27,-1,-15,-4,5,-8,-16,-23,13,2,3,1,0,23,-1,-3,-3,-4,19,-12,-4,6,-28,-11,7,-7,-2,-4,-6,-1,0
Fe,26,-4,-26,-50,-87,62,18,-11,-35,-39.5,25,-11,-17,-7,-1,0,0,-1,-2,13,4,-2,-15.5,34,-1,-25,-16,-2,-3,-5,-4,28,17,5,3,1,30,-1,-3,-3,-5,25,-21,-15,0,-13,8,29,11,-2,-5,-7,-1,1
Co,8,-4,-24,-42,-75,41,3,-19,-38,-35.5,2,-30,-28,-14,-4,-5,-1,0,0,6,-5,-11,-21.5,10,-22,-41,-25,-5,0,-2,-1,-19,6,-17,-18,20,7,-22,-23,-23,-24,2,-35,-24,-1,-7,7,17,0,-22,-24,-27,-22,-20
Ni,1,-4,-24,-39,-69,32,-4,-22,-40,-34.5,-7,-39,-35,-18,-7,-8,-2,0,0,4,-9,-15,-23.5,-1,-31,-49,-30,-7,1,-1,0,15,2,-27,-28,-30,-3,-31,-32,-32,-34,-7,-42,-29,-3,-5,7,13,-4,-31,-34,-36,-31,-30
Cu,-5,0,0,-33,-84,16,-3,-1,-19,-17.5,-13,-24,-9,5,12,4,13,6,4,0,1,1,-11.5,-9,-22,-23,3,19,8,-2,-14,2,6,-21,-21,-22,-10,-22,-23,-22,-23,-12,-17,2,22,-12,-9,15,7,-22,-23,-24,-22,-22
Zn,-7,4,4,-32,-88,6,-4,1,-18,-17.5,-22,-29,-15,-2,5,-6,4,-5,-9,1,0,0,-15.5,-21,-31,-29,-1,12,-4,-17,-33,-4,1,-31,-31,-31,-21,-31,-31,-31,-31,-21,-24,-3,15,-29,-16,5,1,-30,-30,-31,-31,-31
Ga,-9,5,6,-33,-95,5,-4,1,-17,-18.5,-28,-38,-23,-8,-1,-13,-2,-11,-15,1,0,0,-15.5,-27,-40,-40,-8,7,-10,-25,-42,-5,1,-41,-41,-40,-27,-40,-40,-40,-40,-27,-34,-10,11,-38,-19,5,1,-39,-39,-40,-40,-41
Ge,-34.5,-3.5,-0.5,-29.5,-78.5,-21.5,-26.5,-14.5,-14.5,-17,-59.5,-69.5,-51.5,-31.5,-18.5,-31.5,-15.5,-21.5,-23.5,-11.5,-15.5,-15.5,0,-59.5,-72.5,-72.5,-36.5,-13.5,-18.5,-29.5,-43.5,-17.5,-14.5,-73.5,-73.5,-101.5,-58.5,-72.5,-72.5,-71.5,-71.5,-58.5,-65.5,-37.5,-7.5,-37.5,-21.5,-7.5,-12.5,-71.5,-71.5,-71.5,-72.5,-72.5
Sr,0,-10,-18,-87,-206,-2,-4,-18,-49,-81.5,1,25,53,54,47,27,34,10,-1,-9,-21,-27,-59.5,0,17,48,76,69,10,-22,-61,-27,-33,14,15,16,0,17,18,18,20,1,50,73,70,-60,-59,-56,-46,18,-79,-80,17,16
Y,8,-32,-50,-117,-232,28,-6,-38,-73,-113.5,11,1,15,17,11,-1,-1,-22,-31,-22,-31,-40,-72.5,17,0,9,30,24,-29,-54,-84,-29,-35,0,0,0,14,0,0,0,0,10,11,27,24,-83,-74,-48,-51,0,0,0,0,0
Zr,27,-43,-71,-131,-233,59,6,-44,-84,-127.5,37,4,0,-4,-12,-15,-25,-41,-49,-23,-29,-40,-72.5,48,9,0,4,-6,-53,-72,-91,-20,-26,13,12,10,42,9,8,8,7,36,0,3,-9,-100,-74,-33,-43,9,7,6,9,10
Nb,51,-25,-54,-102,-174,93,32,-18,-56,-89.5,63,18,2,-1,-7,-4,-16,-25,-30,3,-1,-8,-36.5,76,30,4,0,-6,-36,-46,-53,16,11,36,34,32,69,30,28,27,26,61,4,0,-8,-67,-32,17,-1,28,25,23,30,32
Mo,49,-7,-34,-67,-115,93,36,-5,-35,-53.5,56,11,-4,0,0,5,-2,-5,-7,19,12,7,-13.5,69,24,-6,-6,0,-11,-15,-15,37,28,31,29,26,63,24,22,22,20,55,-4,-5,0,-28,3,42,20,22,19,17,24,26
Tc,8,-3,-25,-39,-68,47,3,-20,-38,-33.5,1,-39,-39,-21,-9,-8,-3,0,1,8,-4,-10,-18.5,10,-29,-53,-36,-11,0,0,4,24,10,-23,-25,-27,6,-29,-30,-30,-32,1,-47,-35,-7,-3,14,26,5,-29,-32,-35,-29,-27
Rh,-14,-6,-25,-35,-63,19,-17,-32,-46,-34.5,-28,-61,-52,-29,-13,-16,-5,-2,-1,-2,-17,-25,-29.5,-22,-54,-72,-46,-15,0,0,2,10,-6,-50,-52,-53,-24,-54,-56,-55,-57,-28,-63,-45,-9,-2,7,6,-13,-54,-56,-59,-54,-53
Pd,-40,-8,-24,-32,-62,-15,-40,-46,-55,-36.5,-63,-86,-65,-35,-15,-23,-4,-1,0,-14,-33,-42,-43.5,-61,-84,-91,-53,-15,4,2,0,-7,-26,-82,-83,-83,-61,-84,-85,-84,-85,-62,-80,-52,-6,2,0,-18,-34,-83,-85,-87,-84,-83
Ag,-16,6,5,-32,-94,0,-10,-4,-20,-18.5,-28,-28,-2,17,27,13,28,-19,15,2,-4,-5,-17.5,-27,-29,-20,16,37,24,10,-7,0,-2,-30,-30,-29,-27,-29,-29,-29,-29,-28,-13,15,43,-1,-6,3,-3,-29,-29,-30,-30,-30
Cd,-13,11,13,-27,-91,-3,-6,3,-13,-11.5,-32,-30,-8,9,17,2,17,6,2,6,1,1,-14.5,-33,-35,-26,11,28,10,-6,-26,-2,0,-36,-36,-35,-32,-35,-34,-34,-33,-31,-19,9,33,-18,-11,2,0,-33,-33,-33,-35,-35
La,6,-29,-47,-116,-235,24,-7,-38,-73,-112.5,8,2,20,22,17,3,5,-17,-27,-21,-31,-41,-73.5,14,0,13,36,31,-23,-50,-82,-30,-36,0,0,0,11,0,0,0,1,8,15,33,32,-80,-73,-51,-53,0,1,1,0,0
Ce,7,-30,-48,-116,-234,25,-7,-38,-73,-112.5,9,2,18,20,15,1,3,-18,-28,-21,-31,-41,-73.5,15,0,12,34,29,-25,-52,-83,-30,-36,0,0,0,12,0,0,0,0,8,14,31,29,-81,-73,-50,-52,0,0,1,0,0
Nd,7,-31,-49,-116,-235,26,-6,-38,-73,-112.5,10,2,17,18,13,0,1,20,-30,-22,-31,-40,-101.5,16,0,10,32,26,-27,-53,-83,-29,-35,0,0,0,13,0,0,0,0,9,13,29,26,-82,-73,-49,-51,0,0,0,0,0
Eu,-1,-12,-19,-87,-231,0,-5,-19,-49,-79.5,0,21,48,49,43,23,30,7,-3,-10,-21,-27,-58.5,0,14,42,69,63,6,-24,-61,-27,-32,11,12,13,0,14,15,15,16,0,44,66,64,-51,-58,-53,-44,15,16,18,14,13
Gd,8,-32,-50,-117,-232,28,-6,-39,-73,-113.5,11,1,15,17,11,-1,-1,-22,-31,-22,-31,-40,-72.5,17,0,9,30,24,-29,-54,-84,-29,-35,0,0,0,14,0,0,0,0,10,11,27,24,-83,-74,-48,-51,0,0,0,0,0
Tb,9,-33,-51,-118,-232,29,-6,-39,-74,-113.5,12,1,14,15,9,-3,-3,-23,-32,-23,-31,-40,-72.5,18,0,8,28,22,-30,-56,-85,-29,-34,0,0,0,15,0,0,0,0,11,10,25,21,-85,-71,-47,-50,0,0,0,0,0
Dy,9,-32,-51,-117,-231,29,-6,-38,-74,-112.5,12,1,14,15,9,-3,-3,-23,-32,-22,-31,-40,-71.5,18,0,8,27,22,-30,-55,-84,-29,-34,0,0,0,15,0,0,0,0,11,10,25,21,-84,-74,-46,-50,0,0,0,0,0
Er,9,-33,-52,-118,-230,30,-5,-38,-74,-113.5,12,0,13,14,8,-4,-5,-24,-34,-23,-31,-40,-71.5,20,0,7,26,20,-32,-57,-85,-29,-33,1,0,0,16,0,0,0,0,12,9,23,19,-86,-74,-45,-49,0,0,0,0,0
Yb,-1,-14,-22,-88,-199,2,-6,-20,-51,-80.5,0,16,41,43,37,19,25,2,-7,-12,-21,-27,-58.5,1,10,36,61,55,1,-28,-62,-28,-31,8,8,9,0,10,11,11,12,0,38,58,56,-54,-59,-50,-43,11,12,14,10,9
Hf,30,-37,-66,-123,-218,63,10,-39,-77,-117.5,39,5,0,-2,-9,-12,-21,-35,-42,-17,-24,-34,-65.5,50,11,0,4,-4,-47,-63,-80,-13,-19,15,14,13,44,11,10,10,9,38,0,3,-6,-90,-63,-23,-35,10,9,8,11,13
Ta,48,-24,-54,-101,-173,89,30,-19,-56,-89.5,60,16,1,-1,-7,-4,-15,-24,-29,2,-3,-10,-37.5,73,27,3,0,-5,-35,-45,-52,15,9,33,31,29,66,27,25,25,23,58,3,0,-7,-66,-32,15,-3,26,23,21,27,29
W,50,-3,-31,-60,-103,97,38,-2,-31,-46.5,57,9,-6,-1,1,6,0,-1,-3,22,15,11,-7.5,70,24,-9,-8,0,-7,-9,-6,43,33,32,29,26,64,24,21,21,19,56,-6,-7,0,-20,12,49,27,22,19,16,24,26
Pt,-33,-10,-28,-30,-52,-1,-35,-44,-53,-34.5,-55,-89,-74,-45,-24,-28,-13,-7,-5,-12,-29,-38,-37.5,-60,-83,-100,-67,-28,-3,-2,2,-1,-18,-80,-81,-82,-51,-83,-85,-84,-86,-54,-90,-66,-20,0,4,-5,-25,-83,-85,-88,-84,-82
Au,-37,0,-2,-20,-58,-14,-32,-22,-30,-13.5,-60,-74,-47,-19,0,-11,8,7,7,-9,-16,-19,-21.5,-59,-74,-74,-32,3,14,7,0,-6,-11,-73,-73,-73,-58,-74,-71,-74,-74,-59,-63,-32,12,4,0,2,-10,-72,-74,-75,-74,-73
Pb,-21,25,30,-13,-82,-18,-8,10,-2,4.5,-52,-40,-8,15,28,7,29,17,13,15,5,5,-7.5,-56,-48,-33,17,42,26,6,-18,3,2,-51,-50,-49,-53,-48,-47,-46,-45,-50,-23,15,49,-5,2,0,2,-46,-45,-45,-48,-49
Sn,-18,15,18,-23,-90,-8,-9,4,-11,-7.5,-45,-45,-21,-1,10,-7,11,0,-4,7,1,1,-12.5,-46,-51,-43,-1,20,5,-13,-34,-3,0,-53,-52,-51,-44,-51,-50,-50,-49,-43,-35,-3,27,-25,-10,2,0,-49,-49,-49,-51,-52
Ho,8,-32,-50,-116,-229,28,-6,-38,-73,-111.5,11,1,14,16,10,-2,-2,-22,-31,-22,-30,-39,-71.5,18,0,9,28,22,-29,-54,-83,-29,-33,0,0,0,15,0,0,0,0,11,10,26,22,-83,-72,-46,-49,0,0,0,0,0
Tm,9,-33,-52,-117,-229,30,-5,-38,-74,-112.5,13,0,12,13,8,-4,-5,-24,-34,-23,-30,-39,-71.5,-79,0,7,25,19,-32,-56,-85,-29,-33,1,0,0,16,0,0,0,0,12,9,23,19,-85,-74,-45,-49,0,0,0,0,0
Lu,10,-35,-54,-119,-231,31,-5,-39,-75,-114.5,55,0,11,11,5,-6,-7,-27,-36,-24,-31,-40,-71.5,-80,0,6,23,17,-35,-59,-87,-30,-33,1,1,0,18,0,0,0,0,14,8,21,16,-88,-75,-45,-49,0,0,0,0,0
Sm,8,-32,-50,-117,-202,28,-6,-38,-74,-113.5,11,1,15,17,11,-1,-1,-22,-31,-22,-31,-40,-72.5,17,0,9,30,24,-29,-54,-84,-30,-35,0,0,0,14,0,0,0,0,10,11,27,24,-84,-74,-48,-51,0,0,0,0,0
Pr,7,-31,-49,-117,-233,26,-6,-38,-73,-112.5,10,1,17,18,13,0,1,-20,-30,-22,-31,-41,-72.5,16,0,10,32,26,-27,-53,-83,-30,-35,0,0,0,13,0,0,0,0,9,13,29,26,-82,-73,-49,-52,0,0,0,0,0
